"Group.1","ROC.Area","Sensitivity","Specificity","Accuracy"
"dt",0.69005,0.5756,0.72335,0.7036
"knn",0.7128,0.46745,0.790725,0.6935
"lr",0.783875,0.5432,0.83175,0.740975
"nb",0.7368,0.13765,0.97425,0.661925
"nn",0.767575,0.580675,0.803175,0.735275
"rf",0.802975,0.569325,0.835875,0.7554
"svml",0.768225,0.449625,0.859325,0.73175
"svmp",0.780075,0.44795,0.859825,0.73285
"xgb",0.804025,0.555925,0.850475,0.7563
